roomID,room_name,location,link
50000,산너머펜션,경기 양평군 옥천면 신복리 65,https://www.goodchoice.kr/product/detail?ano=50000
50001,전라무주좋은인연펜션,전북 무주군 설천면 삼공리 731-1,https://www.goodchoice.kr/product/detail?ano=50001
50002,부여굿뜨래웰빙마을 글램핑코리아,충남 부여군 부여읍 가탑리 94-3,https://www.goodchoice.kr/product/detail?ano=50002
50006,거제로펜션,경남 거제시 동부면 학동리 233,https://www.goodchoice.kr/product/detail?ano=50006
50007,해뜨는집,강원 춘천시 남산면 방곡리 401-3,https://www.goodchoice.kr/product/detail?ano=50007
50008,황금들녘펜션,전남 여수시 화양면 창무리 454,https://www.goodchoice.kr/product/detail?ano=50008
50009,홍천 보금자리펜션,강원 홍천군 서면 어유포리 285-1,https://www.goodchoice.kr/product/detail?ano=50009
50101,올래어촌펜션,제주특별자치도 제주시 이호일동 1700-4,https://www.goodchoice.kr/product/detail?ano=50101
50102,삼척 장호 굿모닝펜션,강원 삼척시 근덕면 장호리 212,https://www.goodchoice.kr/product/detail?ano=50102
50103,라비타펜션,경기 가평군 가평읍 금대리 272-9,https://www.goodchoice.kr/product/detail?ano=50103
50104,캐리비안리조트,충남 태안군 남면 신온리 722-31,https://www.goodchoice.kr/product/detail?ano=50104
50105,영천 키즈팜글램핑,경북 영천시 대창면 대창리 972,https://www.goodchoice.kr/product/detail?ano=50105
50106,오크밸리카라반,강원 원주시 지정면 판대리 577-7,https://www.goodchoice.kr/product/detail?ano=50106
50108,스카이뷰 호텔,경남 창원시 마산합포구 신포동2가 117-34,https://www.goodchoice.kr/product/detail?ano=50108
50109,스타즈호텔 울산,울산 남구 삼산동 224-17,https://www.goodchoice.kr/product/detail?ano=50109
50111,양평 맑은물소리 펜션,경기 양평군 청운면 갈운리 1162-8,https://www.goodchoice.kr/product/detail?ano=50111
50112,중문예촌펜션,제주특별자치도 서귀포시 상예동 1767-1,https://www.goodchoice.kr/product/detail?ano=50112
50115,별숲글램핑,경남 창녕군 성산면 연당리 690-2,https://www.goodchoice.kr/product/detail?ano=50115
50119,남원 한옥호텔 춘향家(춘향가),전북 남원시 어현동 37-121 춘향가,https://www.goodchoice.kr/product/detail?ano=50119
50120,청간정카라반,강원 고성군 토성면 용촌리 84-3,https://www.goodchoice.kr/product/detail?ano=50120
50121,라인뷰풀빌라,경북 경주시 양남면 신대리 21-2,https://www.goodchoice.kr/product/detail?ano=50121
50124,메이페어 나르샤펜션,강원 평창군 봉평면 무이리 1140,https://www.goodchoice.kr/product/detail?ano=50124
50125,솔롱고글램핑,경북 영천시 금호읍 약남리 936-4,https://www.goodchoice.kr/product/detail?ano=50125
50126,강릉 까르디에펜션,강원 강릉시 사천면 사천진리 89-24,https://www.goodchoice.kr/product/detail?ano=50126
50127,티티카카펜션,충남 태안군 안면읍 승언리 1341-2,https://www.goodchoice.kr/product/detail?ano=50127
50128,해운대 위드 게스트하우스,부산광역시 해운대구 중동 1398-7  마린타워 5층,https://www.goodchoice.kr/product/detail?ano=50128
50129,강릉 루루펜션,강원 강릉시 사천면 사천진리 89-44,https://www.goodchoice.kr/product/detail?ano=50129
50131,청풍월드니스글램핑,충북 제천시 청풍면 교리 산 15-21,https://www.goodchoice.kr/product/detail?ano=50131
50135,가야랜드 달빛야영장,경남 김해시 삼방동 826,https://www.goodchoice.kr/product/detail?ano=50135
50136,석남 요기,인천 서구 석남동 506,https://www.goodchoice.kr/product/detail?ano=50136
50138,포항 블랙,경북 포항시 남구 해도동 110-19,https://www.goodchoice.kr/product/detail?ano=50138
50139,김해 NO.25-어방,경남 김해시 어방동 1097-6,https://www.goodchoice.kr/product/detail?ano=50139
50141,단양 소백산가는길 펜션,충북 단양군 단양읍 천동리 370-7,https://www.goodchoice.kr/product/detail?ano=50141
50143,망상 골든스타비치펜션,강원 동해시 망상동 363-1,https://www.goodchoice.kr/product/detail?ano=50143
50145,에퀴녹스드협재,제주특별자치도 제주시 한림읍 협재리 899,https://www.goodchoice.kr/product/detail?ano=50145
50146,군산 두바이 드라이빙무인텔,전북 군산시 경장동 500-7,https://www.goodchoice.kr/product/detail?ano=50146
50147,마린블루펜션,충북 청주시 상당구 미원면 종암리 511-1,https://www.goodchoice.kr/product/detail?ano=50147
50149,가랑펜션,경기 가평군 상면 임초리 572,https://www.goodchoice.kr/product/detail?ano=50149
50152,김포 호텔 바스,경기 김포시 대곶면 약암리 1319,https://www.goodchoice.kr/product/detail?ano=50152
50153,HOTEL 여기어때 - 서대구,대구 서구 비산동 451-13,https://www.goodchoice.kr/product/detail?ano=50153
50158,강촌테마펜션,강원 춘천시 남산면 강촌리 310,https://www.goodchoice.kr/product/detail?ano=50158
50160,추억더하기,경남 남해군 삼동면 물건리 1234,https://www.goodchoice.kr/product/detail?ano=50160
50161,신탄진 아우디,대전 대덕구 신탄진동 139-20,https://www.goodchoice.kr/product/detail?ano=50161
50162,평창 에코피아펜션,강원 평창군 평창읍 대상리 64-4,https://www.goodchoice.kr/product/detail?ano=50162
50164,초록독채펜션,제주특별자치도 제주시 한림읍 옹포리 549-1,https://www.goodchoice.kr/product/detail?ano=50164
50165,오션비치 리조트,경북 영덕군 남정면 남호리 산 15-1,https://www.goodchoice.kr/product/detail?ano=50165
50166,뜨리바다펜션,제주특별자치도 서귀포시 남원읍 남원리 2397,https://www.goodchoice.kr/product/detail?ano=50166
50167,삼척 베네치아펜션,강원 삼척시 오분동 1-10,https://www.goodchoice.kr/product/detail?ano=50167
50169,가평 블루엘 스파펜션,경기 가평군 설악면 송산리 179-3,https://www.goodchoice.kr/product/detail?ano=50169
50170,아침풍경펜션,경기 가평군 상면 임초리 370-2,https://www.goodchoice.kr/product/detail?ano=50170
50171,호수위에하얀집,경기 가평군 청평면 상천리 1507-1,https://www.goodchoice.kr/product/detail?ano=50171
50172,경주 메종 미니호텔,경상북도 경주시 노서동 133-21 　,https://www.goodchoice.kr/product/detail?ano=50172
50175,119 14 프라이빗 스파&빌라,강원 홍천군 서면 팔봉리 119-14,https://www.goodchoice.kr/product/detail?ano=50175
50180,홍천 알투스펜션,강원 홍천군 서면 팔봉리 768,https://www.goodchoice.kr/product/detail?ano=50180
50183,더준펜션,제주특별자치도 제주시 회천동 1784-5,https://www.goodchoice.kr/product/detail?ano=50183
50184,제주 메이저호텔1,제주도 제주시 연동 278-8,https://www.goodchoice.kr/product/detail?ano=50184
50186,아이캔펜션,경기 남양주시 수동면 송천리 2-11,https://www.goodchoice.kr/product/detail?ano=50186
50187,작전 써클호텔,인천 계양구 작전동 906-4,https://www.goodchoice.kr/product/detail?ano=50187
50188,경포대 아테네,강원 강릉시 안현동 865-3,https://www.goodchoice.kr/product/detail?ano=50188
50189,강릉 피크닉,강원 강릉시 홍제동 998-6,https://www.goodchoice.kr/product/detail?ano=50189
50190,강릉 K모텔,강원 강릉시 옥천동 274-1,https://www.goodchoice.kr/product/detail?ano=50190
50191,강릉 썸 무인텔,강원 강릉시 옥계면 현내리 240-1,https://www.goodchoice.kr/product/detail?ano=50191
50192,햇빛여행,경기 가평군 가평읍 승안리 646-18,https://www.goodchoice.kr/product/detail?ano=50192
50196,수원시청역 블럭24,경기 수원시 권선구 권선동 1013-24,https://www.goodchoice.kr/product/detail?ano=50196
50200,푸름펜션,강원 홍천군 서면 팔봉리 961-4,https://www.goodchoice.kr/product/detail?ano=50200
50202,을왕리썸펜션,인천 중구 을왕동 742-13,https://www.goodchoice.kr/product/detail?ano=50202
50204,원주 제우스,강원 원주시 단구동 724-98,https://www.goodchoice.kr/product/detail?ano=50204
50206,춘천 리오펜션,강원 춘천시 송암동 185,https://www.goodchoice.kr/product/detail?ano=50206
50207,여수 K-boutique 호텔,전남 여수시 화장동 798-8,https://www.goodchoice.kr/product/detail?ano=50207
50209,대구 2월호텔-동성로점,대구 중구 동일동 27,https://www.goodchoice.kr/product/detail?ano=50209
50211,제천 퀸,충북 제천시 중앙로2가 80-8,https://www.goodchoice.kr/product/detail?ano=50211
50212,씨아일랜드,경북 영덕군 강구면 삼사리 629-2,https://www.goodchoice.kr/product/detail?ano=50212
50213,해든펜션,제주특별자치도 서귀포시 성산읍 성산리 145-1,https://www.goodchoice.kr/product/detail?ano=50213
50214,신갈 큐,경기 용인시 기흥구 신갈동 50-16,https://www.goodchoice.kr/product/detail?ano=50214
50216,양구 개구리펜션,강원 양구군 동면 팔랑리 375,https://www.goodchoice.kr/product/detail?ano=50216
50217,순천 HOTEL The B,전남 순천시 풍덕동 1266-3,https://www.goodchoice.kr/product/detail?ano=50217
50218,일루아펜션,경남 통영시 용남면 장평리 672-3,https://www.goodchoice.kr/product/detail?ano=50218
50219,파라다이스거제(해안),경남 거제시 장목면 외포리 715,https://www.goodchoice.kr/product/detail?ano=50219
50220,파라다이스거제(바다),경남 거제시 장목면 외포리 715,https://www.goodchoice.kr/product/detail?ano=50220
50221,광안리 더 엠,부산 수영구 민락동 181-150,https://www.goodchoice.kr/product/detail?ano=50221
50222,송정 브라운도트,부산 해운대구 송정동 422-13,https://www.goodchoice.kr/product/detail?ano=50222
50233,음성 스카이,충북 음성군 음성읍 한벌리 690-2,https://www.goodchoice.kr/product/detail?ano=50233
50237,부산 클럽호텔,부산 해운대구 우동 644-4,https://www.goodchoice.kr/product/detail?ano=50237
50239,제주 더스테이센추리호텔,제주특별자치도 제주시 애월읍 하귀1리 544-2,https://www.goodchoice.kr/product/detail?ano=50239
50240,진주 성중,경남 진주시 칠암동 513-7,https://www.goodchoice.kr/product/detail?ano=50240
50242,용원 젠 호텔,경남 창원시 진해구 용원동 1216-5,https://www.goodchoice.kr/product/detail?ano=50242
50243,쁠라야,경남 남해군 상주면 상주리 1276-3,https://www.goodchoice.kr/product/detail?ano=50243
50245,광명 램파트,경기 광명시 하안동 301-1,https://www.goodchoice.kr/product/detail?ano=50245
50247,제주웨스트펜션,제주특별자치도 제주시 한경면 용수리 3653-4,https://www.goodchoice.kr/product/detail?ano=50247
50248,숲속의공주펜션,경기 가평군 가평읍 복장리 250-1,https://www.goodchoice.kr/product/detail?ano=50248
50249,일광 라고마르펜션,부산 기장군 일광면 학리 269-1,https://www.goodchoice.kr/product/detail?ano=50249
50250,강릉 힐링연펜션A동,강원 강릉시 연곡면 영진리 141,https://www.goodchoice.kr/product/detail?ano=50250
50251,춘천 수하늘 펜션,강원 춘천시 남면 가정리 750-1,https://www.goodchoice.kr/product/detail?ano=50251
50253,하바나 리조트,제주특별자치도 제주시 구좌읍 하도리 2999-1,https://www.goodchoice.kr/product/detail?ano=50253
50255,신갈 엘레강스,경기 용인시 기흥구 신갈동 52-7,https://www.goodchoice.kr/product/detail?ano=50255
50256,맑은물펜션,경기 포천시 영북면 산정리 413,https://www.goodchoice.kr/product/detail?ano=50256
50257,전망좋은집펜션,강원 속초시 대포동 517-6,https://www.goodchoice.kr/product/detail?ano=50257
50258,태백 썬,강원 태백시 황지동 264-32,https://www.goodchoice.kr/product/detail?ano=50258
50259,토끼네펜션,제주특별자치도 제주시 조천읍 함덕리 288-31,https://www.goodchoice.kr/product/detail?ano=50259
50261,안양 루,경기 안양시 만안구 안양동 16-1,https://www.goodchoice.kr/product/detail?ano=50261
50263,신천 NU,서울 송파구 잠실동 179-1,https://www.goodchoice.kr/product/detail?ano=50263
50264,동두천 빅토리아모텔,경기 동두천시 생연동 823-156,https://www.goodchoice.kr/product/detail?ano=50264
50267,양양 해오름 펜션,강원 양양군 현남면 남애리 180-13,https://www.goodchoice.kr/product/detail?ano=50267
50269,제주 성산 일해펜션,제주특별자치도 서귀포시 성산읍 신산리 64-9,https://www.goodchoice.kr/product/detail?ano=50269
50272,성지도예 나무랑펜션,제주특별자치도 서귀포시 표선면 성읍리 2888-1,https://www.goodchoice.kr/product/detail?ano=50272
50277,더달달애펜션,강원 춘천시 남산면 서천리 653-7,https://www.goodchoice.kr/product/detail?ano=50277
50278,영흥도해송펜션,인천 옹진군 영흥면 내리 1665-16,https://www.goodchoice.kr/product/detail?ano=50278
50280,안면도 데미안제트스파펜션,충남 태안군 안면읍 창기리 1356,https://www.goodchoice.kr/product/detail?ano=50280
50283,바닷가에서 펜션,인천 옹진군 영흥면 선재리 390-32,https://www.goodchoice.kr/product/detail?ano=50283
50285,공주 구수동펜션,충남 공주시 유구읍 구계리 152-1,https://www.goodchoice.kr/product/detail?ano=50285
50286,강릉 해피몽펜션,강원 강릉시 성산면 보광리 881-2,https://www.goodchoice.kr/product/detail?ano=50286
50288,서구 짝,광주 서구 양동 80-4,https://www.goodchoice.kr/product/detail?ano=50288
50289,로그맨하우스펜션,제주특별자치도 제주시 애월읍 소길리 975,https://www.goodchoice.kr/product/detail?ano=50289
50291,강화도 펜션썸,인천 강화군 화도면 여차리 344-12,https://www.goodchoice.kr/product/detail?ano=50291
50293,전주 한옥마을 사랑루,전라북도 전주시 완산구 교동 179-1  　,https://www.goodchoice.kr/product/detail?ano=50293
50298,경주 호텔801,경북 경주시 동천동 801-1,https://www.goodchoice.kr/product/detail?ano=50298
50299,강릉 그레이호텔,강원 강릉시 교동 1871-3,https://www.goodchoice.kr/product/detail?ano=50299
50307,강릉 에이스,강원 강릉시 교동 124-35,https://www.goodchoice.kr/product/detail?ano=50307
50309,강릉 아모르,강원 강릉시 교동 156-24,https://www.goodchoice.kr/product/detail?ano=50309
50310,평창 CF,강원 평창군 용평면 속사리 444-11,https://www.goodchoice.kr/product/detail?ano=50310
50312,거제퀸크루즈리조텔,경남 거제시 동부면 학동리 260,https://www.goodchoice.kr/product/detail?ano=50312
50313,전주 한옥마을 취락당,전라북도 전주시 완산구 풍남동2가 32-11  　,https://www.goodchoice.kr/product/detail?ano=50313
50318,광양풀하우스펜션,전남 광양시 옥룡면 동곡리 664,https://www.goodchoice.kr/product/detail?ano=50318
50319,수풀림펜션,인천 강화군 강화읍 국화리 279,https://www.goodchoice.kr/product/detail?ano=50319
50321,아침정원 펜션,경기 양평군 지평면 일신리 814,https://www.goodchoice.kr/product/detail?ano=50321
50322,예그리나 펜션,경기 안산시 단원구 대부남동 21-20,https://www.goodchoice.kr/product/detail?ano=50322
50326,분당 호텔루비,경기 성남시 분당구 구미동 185-5,https://www.goodchoice.kr/product/detail?ano=50326
50332,퀴리날레펜션,강원 원주시 소초면 흥양리 321-1,https://www.goodchoice.kr/product/detail?ano=50332
50333,미디호텔 영도점,부산 영도구 대교동1가 40,https://www.goodchoice.kr/product/detail?ano=50333
50337,베르데펜션,경남 거제시 일운면 망치리 457,https://www.goodchoice.kr/product/detail?ano=50337
50339,영광 CC 무인텔,전남 영광군 백수읍 구수리 466-7,https://www.goodchoice.kr/product/detail?ano=50339
50341,B612,경기 양평군 서종면 수능리 160-1,https://www.goodchoice.kr/product/detail?ano=50341
50344,양양 플로라펜션,강원 양양군 현남면 남애리 2-53,https://www.goodchoice.kr/product/detail?ano=50344
50346,정왕 허니문,경기 시흥시 정왕동 1738-3,https://www.goodchoice.kr/product/detail?ano=50346
50347,용인 아트인,경기 용인시 처인구 김량장동 129-2,https://www.goodchoice.kr/product/detail?ano=50347
50349,인제 인제호텔,강원 인제군 인제읍 상동리 348-3,https://www.goodchoice.kr/product/detail?ano=50349
50352,동암 필,인천 부평구 십정동 409-20,https://www.goodchoice.kr/product/detail?ano=50352
50355,목동 메종,서울 양천구 신정동 953-1,https://www.goodchoice.kr/product/detail?ano=50355
50356,화곡 샤르망-강서구청,서울 강서구 화곡동 981-13,https://www.goodchoice.kr/product/detail?ano=50356
50357,속초 해담은,강원 고성군 토성면 용촌리 7-1,https://www.goodchoice.kr/product/detail?ano=50357
50369,화곡 앤,서울 강서구 화곡동 921-1,https://www.goodchoice.kr/product/detail?ano=50369
50370,수원 나무,경기 수원시 장안구 연무동 12-12,https://www.goodchoice.kr/product/detail?ano=50370
50373,호텔 엠펠리체,서울 강서구 마곡동 797-10,https://www.goodchoice.kr/product/detail?ano=50373
50374,상상 스파펜션,강원 강릉시 사천면 사천진리 266-5,https://www.goodchoice.kr/product/detail?ano=50374
50375,무주 미알레펜션,전북 무주군 무풍면 삼거리 46-40,https://www.goodchoice.kr/product/detail?ano=50375
50376,월평 W,대전 서구 월평동 249,https://www.goodchoice.kr/product/detail?ano=50376
50377,속초 제임스블루 게스트하우스,강원 속초시 동명동 466-36 　,https://www.goodchoice.kr/product/detail?ano=50377
50378,서울역 원미닛 게스트하우스,서울 중구 남대문로5가 622 　,https://www.goodchoice.kr/product/detail?ano=50378
50380,홍대 유(서교) 여성전용,"서울특별시 마포구 서교동 403-14 5층, 6층",https://www.goodchoice.kr/product/detail?ano=50380
50382,대부도 누리마루펜션,경기 안산시 단원구 대부동동 40-3,https://www.goodchoice.kr/product/detail?ano=50382
50389,가평 리버랜드,경기 가평군 설악면 회곡리 447-4,https://www.goodchoice.kr/product/detail?ano=50389
50392,용인 칼리야,경기 용인시 처인구 삼가동 208-7,https://www.goodchoice.kr/product/detail?ano=50392
50404,신촌 호스텔 가온,서울 마포구 노고산동 31-77 　,https://www.goodchoice.kr/product/detail?ano=50404
50405,호텔 탑스텐,강원 강릉시 옥계면 금진리 92-1,https://www.goodchoice.kr/product/detail?ano=50405
50406,무거 투나잇,울산 남구 무거동 1521-6,https://www.goodchoice.kr/product/detail?ano=50406
50411,홍대 준 게스트하우스,서울특별시 마포구 서교동 335-36 　,https://www.goodchoice.kr/product/detail?ano=50411
50412,제주 도깨비 게스트하우스,제주특별자치도 제주시 조천읍 선흘리 1938-30 　,https://www.goodchoice.kr/product/detail?ano=50412
50415,영덕 리아,경북 영덕군 강구면 강구리 408,https://www.goodchoice.kr/product/detail?ano=50415
50418,춘천 현대-H,강원 춘천시 효자동 685-3,https://www.goodchoice.kr/product/detail?ano=50418
50421,제주 구엄543 펜션,제주특별자치도 제주시 애월읍 구엄리 543,https://www.goodchoice.kr/product/detail?ano=50421
50425,강릉 꿈의궁전,강원 강릉시 사천면 방동리 415-3,https://www.goodchoice.kr/product/detail?ano=50425
50426,강릉 파인시티호텔,강원 강릉시 옥천동 211,https://www.goodchoice.kr/product/detail?ano=50426
50427,정동진 해안선모텔,강원 강릉시 강동면 안인진리 13-13,https://www.goodchoice.kr/product/detail?ano=50427
50428,경포대 드림모텔,강원 강릉시 강문동 294-1,https://www.goodchoice.kr/product/detail?ano=50428
50431,통영 에이스호텔,경남 통영시 동호동 339-1,https://www.goodchoice.kr/product/detail?ano=50431
50433,소래포구 폴로호텔,인천 남동구 논현동 677-3,https://www.goodchoice.kr/product/detail?ano=50433
50434,구미 호텔더스테이,경북 구미시 형곡동 145-34,https://www.goodchoice.kr/product/detail?ano=50434
50438,통영 그레이,경남 통영시 항남동 151-30,https://www.goodchoice.kr/product/detail?ano=50438
50441,영흥도 레스테호텔,인천 옹진군 영흥면 선재리 489-3,https://www.goodchoice.kr/product/detail?ano=50441
50442,무안 휴 펜션,전남 무안군 청계면 복길리 537-1,https://www.goodchoice.kr/product/detail?ano=50442
50448,영월 파랑새펜션,강원 영월군 김삿갓면 와석리 775,https://www.goodchoice.kr/product/detail?ano=50448
50451,동성로 인썸니아,대구 중구 삼덕동1가 11-2,https://www.goodchoice.kr/product/detail?ano=50451
50452,로뎀트리 펜션,강원 삼척시 근덕면 용화리 235-22,https://www.goodchoice.kr/product/detail?ano=50452
50453,여수 더킹펜션,전남 여수시 돌산읍 평사리 331-5,https://www.goodchoice.kr/product/detail?ano=50453
50454,송정 스페드,광주 광산구 송정동 1125-12,https://www.goodchoice.kr/product/detail?ano=50454
50456,영등포 캡슐 호텔&게스트하우스 마중,서울 영등포구 영등포동 423-14 　,https://www.goodchoice.kr/product/detail?ano=50456
50458,진해 투하트,경남 창원시 진해구 이동 538-136,https://www.goodchoice.kr/product/detail?ano=50458
50459,마린 펜션 별관,경기 파주시 법원읍 직천리 471-4,https://www.goodchoice.kr/product/detail?ano=50459
50461,계룡 S,충남 계룡시 엄사면 엄사리 178-4,https://www.goodchoice.kr/product/detail?ano=50461
50462,증평 버디버디무인텔,충북 증평군 증평읍 남차리 538,https://www.goodchoice.kr/product/detail?ano=50462
50463,서산 백악관,충남 서산시 읍내동 13-31,https://www.goodchoice.kr/product/detail?ano=50463
50464,세종 샤인,세종 조치원읍 원리 1-23,https://www.goodchoice.kr/product/detail?ano=50464
50466,보은 K무인텔,충북 보은군 보은읍 대야리 49-1,https://www.goodchoice.kr/product/detail?ano=50466
50468,거제 패션,경남 거제시 장평동 371-1,https://www.goodchoice.kr/product/detail?ano=50468
50469,상남 퀸즈호텔,경남 창원시 성산구 상남동 20-7,https://www.goodchoice.kr/product/detail?ano=50469
50470,금오산 핑크로즈,경북 구미시 남통동 312-5,https://www.goodchoice.kr/product/detail?ano=50470
50471,영주 2010,경북 영주시 풍기읍 수철리 317-7,https://www.goodchoice.kr/product/detail?ano=50471
50475,영덕 식스,경북 영덕군 영해면 성내리 790,https://www.goodchoice.kr/product/detail?ano=50475
50477,남포 초원파크,부산 서구 토성동5가 53-8,https://www.goodchoice.kr/product/detail?ano=50477
50478,서면 핑크,부산 부산진구 부전동 477-10,https://www.goodchoice.kr/product/detail?ano=50478
50479,구미역 ON-온,경북 구미시 원평동 130-16,https://www.goodchoice.kr/product/detail?ano=50479
50480,부산역 플러스,부산 동구 초량동 174-2,https://www.goodchoice.kr/product/detail?ano=50480
50484,김천 자이,경북 김천시 감호동 32,https://www.goodchoice.kr/product/detail?ano=50484
50485,김천 아미가,경북 김천시 부곡동 425-7,https://www.goodchoice.kr/product/detail?ano=50485
50486,김천 소야,경북 김천시 부곡동 361-44,https://www.goodchoice.kr/product/detail?ano=50486
50494,목포 미루,전남 목포시 상동 1144-3,https://www.goodchoice.kr/product/detail?ano=50494
50495,보은 리젠트,충북 보은군 수한면 발산리 138-3,https://www.goodchoice.kr/product/detail?ano=50495
50497,보은 꿈의궁전,충북 보은군 수한면 발산리 138-5,https://www.goodchoice.kr/product/detail?ano=50497
50498,공주 탑,충남 공주시 신관동 605-15,https://www.goodchoice.kr/product/detail?ano=50498
50499,공주 수,충남 공주시 신관동 597-14,https://www.goodchoice.kr/product/detail?ano=50499
50500,의정부 JBIS호텔,경기 의정부시 신곡동 764-6,https://www.goodchoice.kr/product/detail?ano=50500
50502,영등포 보보스,서울 영등포구 영등포동2가 28-97,https://www.goodchoice.kr/product/detail?ano=50502
50505,합정 서원,서울 마포구 합정동 383-16,https://www.goodchoice.kr/product/detail?ano=50505
50508,예산 라노스,충남 예산군 대흥면 동서리 202-2,https://www.goodchoice.kr/product/detail?ano=50508
50510,수안보 궁전,충북 충주시 수안보면 온천리 148-5,https://www.goodchoice.kr/product/detail?ano=50510
50512,충주 피아노,충북 충주시 봉방동 343-7,https://www.goodchoice.kr/product/detail?ano=50512
50513,충주 K,충북 충주시 봉방동 194-2,https://www.goodchoice.kr/product/detail?ano=50513
50514,음성 백마령,충북 음성군 원남면 문암리 709-1,https://www.goodchoice.kr/product/detail?ano=50514
50515,청양 파라다이스,충남 청양군 대치면 탄정리 410-3,https://www.goodchoice.kr/product/detail?ano=50515
50518,남양주 호텔 그램,경기 남양주시 진접읍 금곡리 1081-5,https://www.goodchoice.kr/product/detail?ano=50518
50520,시흥 서브웨이호텔,경기 시흥시 신천동 707-15,https://www.goodchoice.kr/product/detail?ano=50520
50521,소소모던펜션,전남 구례군 토지면 내서리 635,https://www.goodchoice.kr/product/detail?ano=50521
50524,호텔 더 디자이너스 프리미어 건대,서울 광진구 화양동 23-15,https://www.goodchoice.kr/product/detail?ano=50524
50525,전주 한옥마을 별빛 쉼터,전북 전주시 완산구 교동 211 　,https://www.goodchoice.kr/product/detail?ano=50525
50527,부산 요트스테이,부산 해운대구 우동 1393,https://www.goodchoice.kr/product/detail?ano=50527
50529,광안리 유토피아 관광호텔,부산 수영구 광안동 50-3,https://www.goodchoice.kr/product/detail?ano=50529
50531,남해 프랑스리조트,경남 남해군 미조면 송정리 304-6,https://www.goodchoice.kr/product/detail?ano=50531
50536,곤지암 꿈의궁전,경기 광주시 곤지암읍 곤지암리 435-7,https://www.goodchoice.kr/product/detail?ano=50536
50538,거제 태평양,경남 거제시 장평동 375-6,https://www.goodchoice.kr/product/detail?ano=50538
50539,더 홍씨호텔 강릉,강원 강릉시 교동 1879-1,https://www.goodchoice.kr/product/detail?ano=50539
50540,거제 프라다,경남 거제시 장평동 233,https://www.goodchoice.kr/product/detail?ano=50540
50541,더포힐스호텔,제주특별자치도 제주시 도두이동 1644-4,https://www.goodchoice.kr/product/detail?ano=50541
50542,부산 콘트호텔,부산 중구 대청동2가 30-17,https://www.goodchoice.kr/product/detail?ano=50542
50543,의정부 클라우드호텔,경기 의정부시 의정부동 498-10,https://www.goodchoice.kr/product/detail?ano=50543
50544,엘프라도,경기 가평군 청평면 대성리 391-3,https://www.goodchoice.kr/product/detail?ano=50544
50545,김천 아리아,경북 김천시 감호동 29,https://www.goodchoice.kr/product/detail?ano=50545
50546,정동진 바다부채길,강원 강릉시 강동면 정동진리 264-2,https://www.goodchoice.kr/product/detail?ano=50546
50550,통영 세븐,경남 통영시 광도면 죽림리 1571-20,https://www.goodchoice.kr/product/detail?ano=50550
50551,경포대 산토리니,강원 강릉시 강문동 산 4-5,https://www.goodchoice.kr/product/detail?ano=50551
50552,여주 드라이브인 호텔 숲,경기 여주시 가남읍 신해리 609-2,https://www.goodchoice.kr/product/detail?ano=50552
50553,경포의휴일 펜션,강원 강릉시 초당동 453-2,https://www.goodchoice.kr/product/detail?ano=50553
50555,전주 한옥마을 혜윰,전라북도 전주시 완산구 교동 213  　,https://www.goodchoice.kr/product/detail?ano=50555
50556,소우도 펜션,인천 옹진군 영흥면 선재리 499-31,https://www.goodchoice.kr/product/detail?ano=50556
50563,여수 테디베어스 게스트하우스,전남 여수시 고소동 796-2 　,https://www.goodchoice.kr/product/detail?ano=50563
50568,광주 호텔 Coo,광주 남구 방림동 540-21,https://www.goodchoice.kr/product/detail?ano=50568
50572,메르블루,경남 남해군 남면 선구리 1388,https://www.goodchoice.kr/product/detail?ano=50572
50574,하동 가비원,경남 하동군 화개면 탑리 674-5,https://www.goodchoice.kr/product/detail?ano=50574
50576,예산 숲속모텔,충남 예산군 덕산면 시량리 98-2,https://www.goodchoice.kr/product/detail?ano=50576
50577,보은 숲속의 하얀펜션,충북 보은군 산외면 이식리 456-5,https://www.goodchoice.kr/product/detail?ano=50577
50579,평창 펜션레이,강원 평창군 봉평면 무이리 1143,https://www.goodchoice.kr/product/detail?ano=50579
50586,명지 브라운도트,부산 강서구 명지동 1526-3,https://www.goodchoice.kr/product/detail?ano=50586
50588,탄금호 캠핑리조트,충북 충주시 중앙탑면 탑평리 137,https://www.goodchoice.kr/product/detail?ano=50588
50596,송림펜션,충남 태안군 남면 진산리 444,https://www.goodchoice.kr/product/detail?ano=50596
50599,포천 팔레스,경기 포천시 신읍동 248-2,https://www.goodchoice.kr/product/detail?ano=50599
50609,평창어울림펜션,강원 평창군 봉평면 흥정리 255-9,https://www.goodchoice.kr/product/detail?ano=50609
50611,나주 벌꿀호텔,전남 나주시 삼영동 173-2,https://www.goodchoice.kr/product/detail?ano=50611
50620,양양 파니아토,강원 양양군 손양면 동호리 1-24,https://www.goodchoice.kr/product/detail?ano=50620
50623,에버그린,충남 태안군 안면읍 승언리 1968,https://www.goodchoice.kr/product/detail?ano=50623
50629,군산 링스,전북 군산시 장미동 14-7,https://www.goodchoice.kr/product/detail?ano=50629
50630,춘천 드라이브인 호텔 초콜릿,강원 춘천시 삼천동 180-5,https://www.goodchoice.kr/product/detail?ano=50630
50632,스플라스 리솜(덕산),충남 예산군 덕산면 사동리 361,https://www.goodchoice.kr/product/detail?ano=50632
50633,아일랜드 리솜(안면도),충남 태안군 안면읍 중장리 765-81,https://www.goodchoice.kr/product/detail?ano=50633
50634,24게스트하우스 여수점,전남 여수시 공화동 657 　,https://www.goodchoice.kr/product/detail?ano=50634
50636,천호 테마,서울 강동구 천호동 354-5,https://www.goodchoice.kr/product/detail?ano=50636
50647,경주 평관헌,경상북도 경주시 진현동 651-12 2F,https://www.goodchoice.kr/product/detail?ano=50647
50650,여수 정 게스트하우스,전라남도 여수시 서교동 66-1  　,https://www.goodchoice.kr/product/detail?ano=50650
50654,이천 호텔 봄,경기 이천시 마장면 이평리 368-8,https://www.goodchoice.kr/product/detail?ano=50654
50656,클레르드륀 펜션,제주특별자치도 제주시 애월읍 고내리 565-1,https://www.goodchoice.kr/product/detail?ano=50656
50657,제주 월정리바다별 펜션,제주특별자치도 제주시 구좌읍 월정리 307,https://www.goodchoice.kr/product/detail?ano=50657
50658,논산 젠 모텔,충남 논산시 연무읍 동산리 764-1,https://www.goodchoice.kr/product/detail?ano=50658
50660,무안 더케이,전남 무안군 무안읍 성동리 621-1,https://www.goodchoice.kr/product/detail?ano=50660
50661,진천 쥬얼리 무인텔,충북 진천군 광혜원면 금곡리 629-3,https://www.goodchoice.kr/product/detail?ano=50661
50663,월미도 스텔라마리스 호텔,인천 중구 북성동1가 98-24,https://www.goodchoice.kr/product/detail?ano=50663
50667,대천 코코넛 모텔,충남 보령시 신흑동 2002,https://www.goodchoice.kr/product/detail?ano=50667
50673,안성 샤넬,경기 안성시 공도읍 마정리 112-23,https://www.goodchoice.kr/product/detail?ano=50673
50679,강릉 아담,강원 강릉시 교동 1868-8,https://www.goodchoice.kr/product/detail?ano=50679
50686,이비스 스타일 앰배서더 서울 용산,서울 용산구 한강로3가 40-969,https://www.goodchoice.kr/product/detail?ano=50686
50687,노보텔 스위트 앰배서더 서울 용산,서울 용산구 한강로3가 40-969,https://www.goodchoice.kr/product/detail?ano=50687
50688,노보텔 앰배서더 서울 용산,서울 용산구 한강로3가 40-969,https://www.goodchoice.kr/product/detail?ano=50688
50689,그랜드 머큐어 앰배서더 호텔앤레지던스,서울 용산구 한강로3가 40-969,https://www.goodchoice.kr/product/detail?ano=50689
50693,서브웨이호텔,경기 시흥시 신천동 707-15,https://www.goodchoice.kr/product/detail?ano=50693
50694,클로버리조트,경기 가평군 가평읍 금대리 55-147,https://www.goodchoice.kr/product/detail?ano=50694
50697,강화 리베라,인천 강화군 길상면 온수리 43-2,https://www.goodchoice.kr/product/detail?ano=50697
50699,더화이트호텔,강원 평창군 봉평면 면온리 922,https://www.goodchoice.kr/product/detail?ano=50699
